<?xml version="1.0" encoding="UTF-8"?>
<workflow-app xmlns = "uri:oozie:workflow:0.1" name = "Credit_Card_Case">
	<start to = "hive_drop_tables"/>
		<action name = "hive_drop_tables">
			<hive xmlns = "uri:oozie:hive-action:0.4">
				<job-tracker>${jobTracker}</job-tracker>
				<name-node>${nameNode}</name-node>
				<script>${nameNode}/user/maria_dev/Credit_Card_System/Jobs/drop_hive_tables.hql</script>
			</hive>
			<ok to = "hive_create_tables"/>
			<error to = "fail"/>
		</action> <!-- end Hive: Drop Tables -->

		<action name = "hive_create_tables">
			<hive xmlns = "uri:oozie:hive-action:0.4">
				<job-tracker>${jobTracker}</job-tracker>
				<name-node>${nameNode}</name-node>
				<script>${nameNode}/user/maria_dev/Credit_Card_System/Jobs/create_hive_tables.hql</script>
			</hive>
			<ok to = "sqoop-node-cust"/>
			<error to = "fail"/>
		</action> <!-- end Hive: Create Tables -->

		<action name="sqoop-node-cust"> 
		 	<sqoop xmlns="uri:oozie:sqoop-action:0.2">
		 		<job-tracker>${jobTracker}</job-tracker> 
		 		<name-node>${nameNode}</name-node> 
		 		<prepare>
		 			<delete path="${nameNode}/user/maria_dev/Credit_Card_System/cust"/>
		 		</prepare>
		 		<configuration>
		 			<property>
		 				<name>mapred.job.queue.name</name>
		 				<value>${queueName}</value>
		 			</property>
		 		</configuration>
				<arg>import</arg>
				<arg>--connect</arg>
				<arg>jdbc:mysql://localhost/CDW_SAPP</arg>
				<arg>--driver</arg>
				<arg>com.mysql.jdbc.Driver</arg>
				<arg>--username</arg>
				<arg>root</arg>
				<arg>--password</arg>
				<arg>password</arg>
				<arg>--query</arg>
				<arg>SELECT SSN, FIRST_NAME, MIDDLE_NAME, LAST_NAME, CREDIT_CARD_NO, CONCAT(STREET_NAME, ' ', APT_NO), CUST_CITY, CUST_STATE, CUST_COUNTRY, CUST_ZIP, CONCAT(SUBSTR(CUST_PHONE,1,3), '-', SUBSTR(CUST_PHONE,4,4)), CUST_EMAIL, LAST_UPDATED FROM CDW_SAPP.CDW_SAPP_CUSTOMER
				WHERE $CONDITIONS</arg>
				<arg>--split-by</arg>
				<arg>LAST_UPDATED</arg>
				<arg>--target-dir</arg>
				<arg>/user/maria_dev/Credit_Card_System/cust/</arg>
			</sqoop>
			<ok to="sqoop-node-branch"/>
		 	<error to="fail"/>
		</action> <!-- end Cust -->

		<action name="sqoop-node-branch">
		 	<sqoop xmlns="uri:oozie:sqoop-action:0.2">
		 		<job-tracker>${jobTracker}</job-tracker> 
		 		<!--job tracking node is http://sandbox.hortonworks.com:8050 which is define in job properties-->
		 		<name-node>${nameNode}</name-node> 
		 		<!--name node is http://sandbox.hortonworks.com:8020 which is defined in job properties-->
		 		<prepare>
		 			<delete path="${nameNode}/user/maria_dev/Credit_Card_System/branch"/>
		 		</prepare>
		 		<configuration>
		 			<property>
		 				<name>mapred.job.queue.name</name>
		 				<value>${queueName}</value>
		 			</property>
		 		</configuration>
				<arg>import</arg>
				<arg>--connect</arg>
				<arg>jdbc:mysql://localhost/CDW_SAPP</arg>
				<arg>--driver</arg>
				<arg>com.mysql.jdbc.Driver</arg>
				<arg>--username</arg>
				<arg>root</arg>
				<arg>--password</arg>
				<arg>password</arg>
				<arg>--query</arg>
				<arg>SELECT BRANCH_CODE, BRANCH_NAME, BRANCH_STREET, BRANCH_CITY, BRANCH_STATE, IF(IFNULL(BRANCH_ZIP, 0) = 0, 999999, BRANCH_ZIP), concat('(', substr(BRANCH_PHONE,1,3), ')', substr(BRANCH_PHONE,4,3), '-', substr(BRANCH_PHONE,7,4)), LAST_UPDATED FROM CDW_SAPP.CDW_SAPP_BRANCH WHERE $CONDITIONS</arg>
				<arg>--split-by</arg>
				<arg>BRANCH_CODE</arg>
				<arg>--target-dir</arg>
				<arg>/user/maria_dev/Credit_Card_System/branch/</arg>
			</sqoop>
		 	<ok to="sqoop-node-time"/>
		 	<error to="fail"/>
		</action> <!-- end Branch -->

		<action name="sqoop-node-time"> 
		 	<sqoop xmlns="uri:oozie:sqoop-action:0.2">
		 		<job-tracker>${jobTracker}</job-tracker> 
		 		<name-node>${nameNode}</name-node> 
		 		<prepare>
		 			<delete path="${nameNode}/user/maria_dev/Credit_Card_System/time"/>
		 		</prepare>
		 		<configuration>
		 			<property>
		 				<name>mapred.job.queue.name</name>
		 				<value>${queueName}</value>
		 			</property>
		 		</configuration>
				<arg>import</arg>
				<arg>--connect</arg>
				<arg>jdbc:mysql://localhost/CDW_SAPP</arg>
				<arg>--driver</arg>
				<arg>com.mysql.jdbc.Driver</arg>
				<arg>--username</arg>
				<arg>root</arg>
				<arg>--password</arg>
				<arg>password</arg>
				<arg>--query</arg>
				<arg>SELECT DISTINCT CONCAT(YEAR, CASE WHEN MONTH &lt; 10 THEN CONCAT('0',MONTH) ELSE MONTH END, CASE WHEN DAY &lt; 10 THEN CONCAT('0',DAY) ELSE DAY END), DAY, MONTH, CASE WHEN MONTH &lt;=3 THEN '1st' WHEN MONTH &gt; 3 AND MONTH &lt;= 6 THEN '2nd' WHEN MONTH &gt; 6 AND MONTH &lt;= 9 THEN '3rd' ELSE '4th' END, YEAR FROM CDW_SAPP.CDW_SAPP_CREDITCARD WHERE $CONDITIONS</arg>
				<arg>--target-dir</arg>
				<arg>/user/maria_dev/Credit_Card_System/time/</arg>
				<arg>-m</arg>
				<arg>1</arg>				
			</sqoop>		 	
		 	<ok to = "sqoop-node-cc"/>
		 	<error to="fail"/>
		</action> <!-- end Time -->

		<action name="sqoop-node-cc"> 
		 	<sqoop xmlns="uri:oozie:sqoop-action:0.2">
		 		<job-tracker>${jobTracker}</job-tracker> 
		 		<name-node>${nameNode}</name-node> 
		 		<prepare>
		 			<delete path="${nameNode}/user/maria_dev/Credit_Card_System/cc"/>
		 		</prepare>
		 		<configuration>
		 			<property>
		 				<name>mapred.job.queue.name</name>
		 				<value>${queueName}</value>
		 			</property>
		 		</configuration>
				<arg>import</arg>
				<arg>--connect</arg>
				<arg>jdbc:mysql://localhost/CDW_SAPP</arg>
				<arg>--driver</arg>
				<arg>com.mysql.jdbc.Driver</arg>
				<arg>--username</arg>
				<arg>root</arg>
				<arg>--password</arg>
				<arg>password</arg>
				<arg>--query</arg>
				<arg>SELECT CREDIT_CARD_NO, CONCAT(YEAR, CASE WHEN MONTH &lt; 10 THEN CONCAT('0',MONTH) ELSE MONTH END, CASE WHEN DAY &lt; 10 THEN CONCAT('0',DAY) ELSE DAY END), CUST_SSN, BRANCH_CODE, TRANSACTION_TYPE, TRUNCATE(TRANSACTION_VALUE, 2) FROM CDW_SAPP.CDW_SAPP_CREDITCARD WHERE $CONDITIONS</arg>
				<arg>--split-by</arg>
				<arg>BRANCH_CODE</arg>
				<arg>--target-dir</arg>
				<arg>/user/maria_dev/Credit_Card_System/cc/</arg>
			</sqoop>
		 	<ok to ="end"/>
		 	<error to="fail"/>
		</action> <!-- end CC -->

	<kill name = "fail">
		<message>Sqoop Job failed, error message[${wf:errorMessage(wf:lastErrorNode())}]</message>
	</kill>
	<end name = "end"/>
</workflow-app>